{"cameraMode":{"drawMode":0,"name":"Shaded","section":"Shading Mode"},"sceneLighting":true,"audioPlay":false,"sceneViewState":{"showFog":true,"showMaterialUpdate":false,"showSkybox":true,"showFlares":true,"showImageEffects":true,"showParticleSystems":true},"in2DMode":false,"pivot":{"x":-5.263440132141113,"y":-0.5672950744628906,"z":0.4138450622558594},"rotation":{"x":-0.029528765007853509,"y":0.9550039768218994,"z":-0.2770051658153534,"w":-0.10180354118347168},"size":15.972945213317871,"orthographic":false}